name,price,image_url,product_url
Cpu Computador Intel Pentium G2030 3° Ger. 8GB Ram Hd 500gb,511.94,https://images.kabum.com.br/produtos/fotos/sync_mirakl/693313/Cpu-Computador-Intel-Pentium-G2030-3-Ger-8GB-Ram-Hd-500gb_1735326520_m.jpg,/produto/693313/cpu-computador-intel-pentium-g2030-3-ger-8gb-ram-hd-500gb
Cpu Intel I3 8100 Oitava Geração Ddr4 32gb SSD 1TB 500w,2390.0,https://images.kabum.com.br/produtos/fotos/sync_mirakl/693887/Cpu-Intel-I3-8100-Oitava-Gera-o-Ddr4-32gb-SSD-1TB-500w_1735615504_m.jpg,/produto/693887/cpu-intel-i3-8100-oitava-geracao-ddr4-32gb-ssd-1tb-500w
Cpu Home Asus I5 11400 11ª 16gb Nvme 500gb Fonte 600w 80plus,3300.0,https://images.kabum.com.br/produtos/fotos/sync_mirakl/596650/Cpu-Home-Asus-I5-11400-11-16gb-Nvme-500gb-Fonte-600w-80plus_1727097363_m.jpg,/produto/596650/cpu-home-asus-i5-11400-11-16gb-nvme-500gb-fonte-600w-80plus
Cpu Cooler 3 Pino RGB Para LGA  775/1200/115x / Am2 Am3 Am4,119.0,https://images.kabum.com.br/produtos/fotos/sync_mirakl/689135/Cpu-Cooler-3-Pino-RGB-Para-LGA-775-1200-115x-Am2-Am3-Am4_1734369230_m.jpg,/produto/689135/cpu-cooler-3-pino-rgb-para-lga-775-1200-115x-am2-am3-am4
Cpu PC Computador Gamer Intel I7-6700 16gbDDR4  Nvme 1TB,2339.1,https://images.kabum.com.br/produtos/fotos/sync_mirakl/654625/medium/Cpu-PC-Computador-Gamer-Intel-I7-6700-16gbDDR4-Nvme-1TB_1746475231.jpg,/produto/654625/cpu-pc-computador-gamer-intel-i7-6700-16gbddr4-nvme-1tb
"CPU Kaikora Informática Core I5 10ª Ger 16GB, SSD 240GB, GT 730 4GB, LGA 1200",2859.5,https://images.kabum.com.br/produtos/fotos/sync_mirakl/443810/CPU-Kaikora-Inform-tica-Core-I5-10-Ger-16GB-SSD-240GB-GT-730-4GB-LGA-1200_1717446607_m.jpg,/produto/443810/cpu-kaikora-informatica-core-i5-10-ger-16gb-ssd-240gb-gt-730-4gb-lga-1200
Cpu Gamer Intel I5 16gb SSD 240 Com Placa De Vídeo De 2gb + Wi-fi,1899.0,https://images.kabum.com.br/produtos/fotos/sync_mirakl/712822/medium/Cpu-Gamer-Intel-I5-16gb-SSD-240-Com-Placa-De-V-deo-De-2gb-Wi-fi_1739271031.png,/produto/712822/cpu-gamer-intel-i5-16gb-ssd-240-com-placa-de-video-de-2gb-wi-fi
Cpu Computador Gamer Core I5 4570 16gb +ssd 240GB+gforce 2gb,1566.55,https://images.kabum.com.br/produtos/fotos/sync_mirakl/701714/Cpu-Computador-Gamer-Core-I5-4570-16gb-ssd-240GB-gforce-2gb_1737762592_m.jpg,/produto/701714/cpu-computador-gamer-core-i5-4570-16gb-ssd-240gb-gforce-2gb
Cpu Computador Intel Pentium G2030 3° Ger. 8GB Ram Hd 500gb,577.92,https://images.kabum.com.br/produtos/fotos/sync_mirakl/753188/medium/Cpu-Computador-Intel-Pentium-G2030-3-Ger-8GB-Ram-Hd-500gb_1743769852.png,/produto/753188/cpu-computador-intel-pentium-g2030-3-ger-8gb-ram-hd-500gb
Cpu Computador Intel Pentium G2030 3° Ger. 8GB Ram Hd 500gb,577.92,https://images.kabum.com.br/produtos/fotos/sync_mirakl/679179/Cpu-Computador-Intel-Pentium-G2030-3-Ger-8GB-Ram-Hd-500gb_1732668727_m.jpg,/produto/679179/cpu-computador-intel-pentium-g2030-3-ger-8gb-ram-hd-500gb
"Cpu Gamer Amd A10 4.2ghz, 8gb, 8 Núcleos!",2489.0,https://images.kabum.com.br/produtos/fotos/sync_mirakl/287860/medium/Cpu-Gamer-Amd-A10-4-2ghz-8gb-8-N-cleos-_1738690644.jpg,/produto/287860/cpu-gamer-amd-a10-4-2ghz-8gb-8-nucleos-
Cpu Mini Pc Beelink Gkmini Intel G. Lake J4125 256gb Ssd 8gb,1532.02,https://images.kabum.com.br/produtos/fotos/sync_mirakl/340184/Cpu-Mini-Pc-Beelink-Gkmini-Intel-G-Lake-J4125-256gb-Ssd-8gb_1729952412_m.jpg,/produto/340184/cpu-mini-pc-beelink-gkmini-intel-g-lake-j4125-256gb-ssd-8gb
Cpu Amd Ryzen 5 4600g A520 Memória 16gb Ddr4 SSD 240GB,2400.0,https://images.kabum.com.br/produtos/fotos/sync_mirakl/575683/Cpu-Amd-Ryzen-5-4600g-A520-Mem-ria-16gb-Ddr4-SSD-240GB_1726755012_m.jpg,/produto/575683/cpu-amd-ryzen-5-4600g-a520-memoria-16gb-ddr4-ssd-240gb
Cpu PC Computador Gamer I5-10400f 16gbram Nvme512gb Vga4gb,3039.05,https://images.kabum.com.br/produtos/fotos/sync_mirakl/701709/medium/Cpu-PC-Computador-Gamer-I5-10400f-16gbram-Nvme512gb-Vga4gb_1744228249.jpg,/produto/701709/cpu-pc-computador-gamer-i5-10400f-16gbram-nvme512gb-vga4gb
Cpu Gamer I5 6º Geração  Ddr4 16gb,1899.05,https://images.kabum.com.br/produtos/fotos/sync_mirakl/701711/Cpu-Gamer-I5-6-Gera-o-Ddr4-16gb_1737765510_m.jpg,/produto/701711/cpu-gamer-i5-6-geracao-ddr4-16gb
Cpu Gamer Intel I5 3.2ghz 6ªg+16gb+ssd 240GB+vga 2gb,1889.1,https://images.kabum.com.br/produtos/fotos/sync_mirakl/689168/Cpu-Gamer-Intel-I5-3-2ghz-6-g-16gb-ssd-240GB-vga-2gb_1734372403_m.jpg,/produto/689168/cpu-gamer-intel-i5-3-2ghz-6-g-16gb-ssd-240gb-vga-2gb
"Cpu Gamer Fv Pc Clarity Black Standart, Amd Ryzen 3 3.Ghz, 16GB RAM, RX 580 8GB, SSD 240GB, Windows 10",3399.99,https://images.kabum.com.br/produtos/fotos/sync_mirakl/717154/medium/Cpu-Gamer-Fv-Pc-Clarity-Black-Standart-Amd-Ryzen-3-3-Ghz-16GB-RAM-RX-580-8GB-SSD-240GB-Windows-10_1739991058.jpg,/produto/717154/cpu-gamer-fv-pc-clarity-black-standart-amd-ryzen-3-3-ghz-16gb-ram-rx-580-8gb-ssd-240gb-windows-10
Cpu Intel I3 Ddr4 8GB SSD 256gb Kit Logitech Mk120,2975.0,https://images.kabum.com.br/produtos/fotos/sync_mirakl/727704/medium/Cpu-Intel-I3-Ddr4-8GB-SSD-256gb-Kit-Logitech-Mk120_1741878046.jpg,/produto/727704/cpu-intel-i3-ddr4-8gb-ssd-256gb-kit-logitech-mk120
Cpu Mini Monitor 19 Intel Core i5 3ªger 16gb SSD 480GB Win11,1677.61,https://images.kabum.com.br/produtos/fotos/sync_mirakl/776873/medium/Cpu-Mini-Monitor-19-Intel-Core-i5-3-ger-16gb-SSD-480GB-Win11_1744895432.jpg,/produto/776873/cpu-mini-monitor-19-intel-core-i5-3-ger-16gb-ssd-480gb-win11
Cpu Intel I3-12100f 3.3ghz Lga1700 12mb C/cooler,869.0,https://images.kabum.com.br/produtos/fotos/sync_mirakl/382147/medium/Cpu-Intel-I3-12100f-3-3ghz-Lga1700-12mb-C-cooler_1747358985.jpg,/produto/382147/cpu-intel-i3-12100f-3-3ghz-lga1700-12mb-c-cooler
Cpu Gamer I5 9° Gtx1660 16gb Hd 1TB SSD 480GB,3590.83,https://images.kabum.com.br/produtos/fotos/sync_mirakl/713172/medium/Cpu-Gamer-I5-9-Gtx1660-16gb-Hd-1TB-SSD-480GB_1739294431.jpg,/produto/713172/cpu-gamer-i5-9-gtx1660-16gb-hd-1tb-ssd-480gb
Cpu Gamer Novo Barato I5 16gb SSD 480 C/ Jogos Instalados,2490.0,https://images.kabum.com.br/produtos/fotos/sync_mirakl/715012/medium/Cpu-Gamer-Novo-Barato-I5-16gb-SSD-480-C-Jogos-Instalados_1739563237.jpg,/produto/715012/cpu-gamer-novo-barato-i5-16gb-ssd-480-c-jogos-instalados
Cpu PC Gamer Aquário Branco | Intel i5 12400 | RTX 3050 6gb | 16gb Ram | SSD 1TB | Water Cooler 240mm | Win11 Pro,5309.1,https://images.kabum.com.br/produtos/fotos/sync_mirakl/819786/medium/Cpu-PC-Gamer-Aqu-rio-Branco-Intel-i5-12400-RTX-3050-6gb-16gb-Ram-SSD-1TB-Water-Cooler-240mm-Win11-Pro_1746451838.jpg,/produto/819786/cpu-pc-gamer-aquario-branco-intel-i5-12400-rtx-3050-6gb-16gb-ram-ssd-1tb-water-cooler-240mm-win11-pro
Cpu PC Computador Gamer I5-10400f 32gbram Nvme1TB Vga4gb,3656.55,https://images.kabum.com.br/produtos/fotos/sync_mirakl/701708/medium/Cpu-PC-Computador-Gamer-I5-10400f-32gbram-Nvme1TB-Vga4gb_1740009041.jpg,/produto/701708/cpu-pc-computador-gamer-i5-10400f-32gbram-nvme1tb-vga4gb
Cpu Mini Monitor 19 Intel Core i7 3ªger 16gb SSD 480GB Win11,1861.5,https://images.kabum.com.br/produtos/fotos/sync_mirakl/776874/medium/Cpu-Mini-Monitor-19-Intel-Core-i7-3-ger-16gb-SSD-480GB-Win11_1744895430.jpg,/produto/776874/cpu-mini-monitor-19-intel-core-i7-3-ger-16gb-ssd-480gb-win11
Cpu Mini Monitor 19 Intel Core i5 3ªger 8 Gb SSD 240GB Win11,1449.9,https://images.kabum.com.br/produtos/fotos/sync_mirakl/776898/medium/Cpu-Mini-Monitor-19-Intel-Core-i5-3-ger-8-Gb-SSD-240GB-Win11_1745433035.jpg,/produto/776898/cpu-mini-monitor-19-intel-core-i5-3-ger-8-gb-ssd-240gb-win11
Cpu Computador Gamer I5 6500+16gb Ddr4+ssd 480+gforce 4gb,1979.1,https://images.kabum.com.br/produtos/fotos/sync_mirakl/689169/Cpu-Computador-Gamer-I5-6500-16gb-Ddr4-ssd-480-gforce-4gb_1734373896_m.jpg,/produto/689169/cpu-computador-gamer-i5-6500-16gb-ddr4-ssd-480-gforce-4gb
Cpu Gamer I5 6500+16gb Ddr4+ssd 240+gforce 2gb,1889.1,https://images.kabum.com.br/produtos/fotos/sync_mirakl/689170/Cpu-Gamer-I5-6500-16gb-Ddr4-ssd-240-gforce-2gb_1734372875_m.jpg,/produto/689170/cpu-gamer-i5-6500-16gb-ddr4-ssd-240-gforce-2gb
Cpu PC Computador Gamer Intel I5 10400f 32gb SSD1TB Fonte500,2699.1,https://images.kabum.com.br/produtos/fotos/sync_mirakl/689172/Cpu-PC-Computador-Gamer-Intel-I5-10400f-32gb-SSD1TB-Fonte500_1734373118_m.jpg,/produto/689172/cpu-pc-computador-gamer-intel-i5-10400f-32gb-ssd1tb-fonte500
Cpu Branco Intel I7 12700f 12ªger 32gb Nvme 1TB RTX 4060 8GB,8290.0,https://images.kabum.com.br/produtos/fotos/sync_mirakl/596651/Cpu-Branco-Intel-I7-12700f-12-ger-32gb-Nvme-1TB-RTX-4060-8GB_1718922686_m.jpg,/produto/596651/cpu-branco-intel-i7-12700f-12-ger-32gb-nvme-1tb-rtx-4060-8gb
Cpu Home Office I5 12400 12ªger. 32gb Ddr4 SSD Nvme 500gb,3420.0,https://images.kabum.com.br/produtos/fotos/sync_mirakl/583508/Cpu-Home-Office-I5-12400-12-ger-32gb-Ddr4-SSD-Nvme-500gb_1728411646_m.jpg,/produto/583508/cpu-home-office-i5-12400-12-ger-32gb-ddr4-ssd-nvme-500gb
"MacBook Air Apple 13"", M1, CPU 8 Núcleos, GPU 7 Núcleos, 8GB RAM, SSD 256GB, Cinza Espacial - MGN63BZ/A",5215.5,https://images.kabum.com.br/produtos/fotos/153433/macbook-air-apple-13-3-processador-m1-8gb-ssd-256gb-space-grey-mgn63bz-a_1616415939_m.jpg,/produto/153433/macbook-air-apple-13-m1-cpu-8-nucleos-gpu-7-nucleos-8gb-ram-ssd-256gb-cinza-espacial-mgn63bz-a
Suporte para CPU C3Tech com Rodas - SC-20BK,26.99,https://images.kabum.com.br/produtos/fotos/104163/suporte-para-cpu-c3-tech-sc-20bk-com-rodas-_suporte-para-cpu-c3-tech-sc-20bk-com-rodas-_1568211088_m.jpg,/produto/104163/suporte-para-cpu-c3tech-com-rodas-sc-20bk
"Mac Mini, Chip M2 da Apple com CPU de 8 núcleos e GPU de 10 núcleos, de 256 GB SSD, Prateado - MMFJ3BZ/A",3499.99,https://images.kabum.com.br/produtos/fotos/463161/mac-mini-chip-m2-da-apple-com-cpu-de-8-nucleos-e-gpu-de-10-nucleos-de-256-gb-ssd-prateado-mmfj3bz-a_1685018879_m.jpg,/produto/463161/mac-mini-chip-m2-da-apple-com-cpu-de-8-nucleos-e-gpu-de-10-nucleos-de-256-gb-ssd-prateado-mmfj3bz-a
"MacBook Air Apple 15"" Chip M4, CPU 10 Núcleos, GPU 10 Núcleos, Neural Engine 16 Núcleos, 16GB RAM, SSD 256GB, Meia-noite - MW1L3BZ/A",14489.87,https://images.kabum.com.br/produtos/fotos/726064/macbook-air-apple-15-chip-m4-cpu-10-nucleos-gpu-10-nucleos-neural-engine-16-nucleos-16gb-ram-ssd-256gb-meia-noite-mw1l3bz-a_1741863289_m.jpg,/produto/726064/macbook-air-apple-15-chip-m4-cpu-10-nucleos-gpu-10-nucleos-neural-engine-16-nucleos-16gb-ram-ssd-256gb-meia-noite-mw1l3bz-a
Computador PC Cpu Intel Core I5 8GB SSD 256gb Bestpc,579.9,https://images.kabum.com.br/produtos/fotos/sync_mirakl/705583/Computador-PC-Cpu-Intel-Core-I5-8GB-SSD-256gb-Bestpc_1738353204_m.jpg,/produto/705583/computador-pc-cpu-intel-core-i5-8gb-ssd-256gb-bestpc
PC Cpu Intel Core i5 3470+ 16gb Ram+ SSD 240GB+wifi+win 11,1000.0,https://images.kabum.com.br/produtos/fotos/sync_mirakl/833838/medium/PC-Cpu-Intel-Core-i5-3470-16gb-Ram-SSD-240GB-wifi-win-11_1747155581.jpg,/produto/833838/pc-cpu-intel-core-i5-3470-16gb-ram-ssd-240gb-wifi-win-11
"PC Cpu Desktop Tbi, Intel i7 3.4 Ghz, 16GB RAM, SSD 240GB, Windows 10 Pro",1019.99,https://images.kabum.com.br/produtos/fotos/sync_mirakl/752985/medium/PC-Cpu-Desktop-Tbi-Intel-i7-3-4-Ghz-16GB-RAM-SSD-240GB-Windows-10-Pro_1743705642.png,/produto/752985/pc-cpu-desktop-tbi-intel-i7-3-4-ghz-16gb-ram-ssd-240gb-windows-10-pro
PC Cpu I7 8700 8a Geração Ddr4 16gb 480GB Gt730 4gb 500w,2999.0,https://images.kabum.com.br/produtos/fotos/sync_mirakl/627653/PC-Cpu-I7-8700-8a-Gera-o-Ddr4-16gb-480GB-Gt730-4gb-500w_1729964767_m.jpg,/produto/627653/pc-cpu-i7-8700-8a-geracao-ddr4-16gb-480gb-gt730-4gb-500w
PC Gamer Cpu Intel I5 3.2ghz SSD 480GB Memoria Ram 16gb 500w,1251.15,https://images.kabum.com.br/produtos/fotos/sync_mirakl/583554/medium/PC-Gamer-Cpu-Intel-I5-3-2ghz-SSD-480GB-Memoria-Ram-16gb-500w_1740001889.png,/produto/583554/pc-gamer-cpu-intel-i5-3-2ghz-ssd-480gb-memoria-ram-16gb-500w
"Pc Cpu I7 4770 4ª Ger 3.4ghz, 16GB Ram, SSD 480GB 500w Wi-fi",1900.0,https://images.kabum.com.br/produtos/fotos/sync_mirakl/442851/Pc-Solucoes-Informatica-I7-4770-4-Ger-16GB-RAM-SSD-480GB-3-4ghz-500w-Wi-fi_1729798880_m.jpg,/produto/442851/pc-cpu-i7-4770-4-ger-3-4ghz-16gb-ram-ssd-480gb-500w-wi-fi
"MacBook Air Apple 13"" Chip M4, CPU 10 Núcleos, GPU 8 Núcleos, Neural Engine 16 Núcleos, 16GB RAM, SSD 256GB, Meia-noite - MW123BZ/A",9199.0,https://images.kabum.com.br/produtos/fotos/726058/macbook-air-apple-13-chip-m4-cpu-10-nucleos-gpu-8-nucleos-neural-engine-16-nucleos-16gb-ram-ssd-256gb-meia-noite-mw123bz-a_1741784350_m.jpg,/produto/726058/macbook-air-apple-13-chip-m4-cpu-10-nucleos-gpu-8-nucleos-neural-engine-16-nucleos-16gb-ram-ssd-256gb-meia-noite-mw123bz-a
"MacBook Air Apple 13"" Chip M4, CPU 10 Núcleos, GPU 8 Núcleos, Neural Engine 16 Núcleos, 16GB RAM, SSD 256GB, Prateado - MW0W3BZ/A",11999.99,https://images.kabum.com.br/produtos/fotos/726054/macbook-air-apple-13-chip-m4-cpu-10-nucleos-gpu-8-nucleos-neural-engine-16-nucleos-16gb-ram-ssd-256gb-prateado-mw0w3bz-a_1741783636_m.jpg,/produto/726054/macbook-air-apple-13-chip-m4-cpu-10-nucleos-gpu-8-nucleos-neural-engine-16-nucleos-16gb-ram-ssd-256gb-prateado-mw0w3bz-a
"MacBook Pro Apple 14"", M4 Pro, CPU 12 Núcleos, GPU 16 Núcleos, Neural Engine de 16 Núcleos, 24GB RAM, SSD 512GB, Preto-espacial - MX2H3BZ/A",17199.0,https://images.kabum.com.br/produtos/fotos/658785/macbook-pro-apple-14-m4-pro-cpu-12-nucleos-gpu-16-nucleos-24gb-ram-ssd-512gb-preto-espacial-mx2h3bz-a_1730990780_m.jpg,/produto/658785/macbook-pro-apple-14-m4-pro-cpu-12-nucleos-gpu-16-nucleos-neural-engine-de-16-nucleos-24gb-ram-ssd-512gb-preto-espacial-mx2h3bz-a
"MacBook Pro Apple 14"", M3, CPU 8 núcleos, GPU 10 Núcleos, 8GB RAM, SSD 1TB, Prateado - MR7K3BZ/A",12699.0,https://images.kabum.com.br/produtos/fotos/505662/notebook-macbook-pro-apple-tela-retina-14-chip-m3-8gb-ram-cpu-8-nucleos-gpu-10-nucleos-ssd-1tb-prateado-mr7k3bz-a_1703082861_m.jpg,/produto/505662/macbook-pro-apple-14-m3-cpu-8-nucleos-gpu-10-nucleos-8gb-ram-ssd-1tb-prateado-mr7k3bz-a
"MacBook Pro Apple 14"", M4, CPU 10 Núcleos, GPU 10 Núcleos, Neural Engine de 16 Núcleos, 24GB RAM, SSD 1TB, Preto-espacial - MCX04BZ/A",17299.0,https://images.kabum.com.br/produtos/fotos/658803/macbook-pro-apple-14-m4-cpu-10-nucleos-gpu-10-nucleos-neural-engine-16-nucleos-24gb-ram-ssd-1tb-preto-espacial-mcx04bz-a_1731077799_m.jpg,/produto/658803/macbook-pro-apple-14-m4-cpu-10-nucleos-gpu-10-nucleos-neural-engine-de-16-nucleos-24gb-ram-ssd-1tb-preto-espacial-mcx04bz-a
"MacBook Air Apple 13"" Chip M4, CPU 10 Núcleos, GPU 10 Núcleos, Neural Engine 16 Núcleos, 16GB RAM, SSD 512GB, Prateado - MW0X3BZ/A",10999.0,https://images.kabum.com.br/produtos/fotos/726055/macbook-air-apple-13-chip-m4-cpu-10-nucleos-gpu-10-nucleos-neural-engine-16-nucleos-16gb-ram-ssd-512gb-prateado-mw0x3bz-a_1741789074_m.jpg,/produto/726055/macbook-air-apple-13-chip-m4-cpu-10-nucleos-gpu-10-nucleos-neural-engine-16-nucleos-16gb-ram-ssd-512gb-prateado-mw0x3bz-a
Suporte Para Cpu E Estabilizador Com Rodinhas Netmobil - Preto,69.2,https://images.kabum.com.br/produtos/fotos/sync_mirakl/643483/Suporte-Para-Cpu-E-Estabilizador-Com-Rodinhas-Netmobil-Preto_1727900792_m.jpg,/produto/643483/suporte-para-cpu-e-estabilizador-com-rodinhas-netmobil-preto
"MacBook Pro Apple 14"", M4, CPU 10 Núcleos, GPU 10 Núcleos, Neural Engine de 16 Núcleos, 16GB RAM, SSD 1TB, Prateado - MW2X3BZ/A",15499.0,https://images.kabum.com.br/produtos/fotos/658773/macbook-pro-apple-14-m4-cpu-10-nucleos-gpu-10-nucleos-neural-engine-de-16-nucleos-16gb-ram-ssd-1tb-prateado-mw2x3bz-a_1730731025_m.jpg,/produto/658773/macbook-pro-apple-14-m4-cpu-10-nucleos-gpu-10-nucleos-neural-engine-de-16-nucleos-16gb-ram-ssd-1tb-prateado-mw2x3bz-a
"MacBook Pro Apple 14"", M4 Pro, CPU 12 Núcleos, GPU 16 Núcleos, Neural Engine de 16 Núcleos, 24GB RAM, SSD 512GB, Prateado - MX2E3BZ/A",17099.0,https://images.kabum.com.br/produtos/fotos/658782/macbook-pro-apple-14-m4-pro-cpu-12-nucleos-gpu-16-nucleos-24gb-ram-ssd-512gb-prateado-mx2e3bz-a_1730988650_m.jpg,/produto/658782/macbook-pro-apple-14-m4-pro-cpu-12-nucleos-gpu-16-nucleos-neural-engine-de-16-nucleos-24gb-ram-ssd-512gb-prateado-mx2e3bz-a
"MacBook Pro Apple 14"", M4, CPU 10 Núcleos, GPU 10 Núcleos, Neural Engine de 16 Núcleos, 16GB RAM, SSD 1TB, Preto-espacial - MW2V3BZ/A",15599.99,https://images.kabum.com.br/produtos/fotos/658771/macbook-pro-apple-14-m4-cpu-10-nucleos-gpu-10-nucleos-neural-engine-de-16-nucleos-16gb-ram-ssd-1tb-preto-espacial-mw2v3bz-a_1730729092_m.jpg,/produto/658771/macbook-pro-apple-14-m4-cpu-10-nucleos-gpu-10-nucleos-neural-engine-de-16-nucleos-16gb-ram-ssd-1tb-preto-espacial-mw2v3bz-a
"MacBook Pro Apple 14"", M4, CPU 10 Núcleos, GPU 10 Núcleos, Neural Engine de 16 Núcleos, 24GB RAM, SSD 1TB, Prateado - MCX14BZ/A",17199.0,https://images.kabum.com.br/produtos/fotos/658804/macbook-pro-apple-14-m4-cpu-10-nucleos-gpu-10-nucleos-neural-engine-16-nucleos-24gb-ram-ssd-1tb-prateado-mcx14bz-a_1731077202_m.jpg,/produto/658804/macbook-pro-apple-14-m4-cpu-10-nucleos-gpu-10-nucleos-neural-engine-de-16-nucleos-24gb-ram-ssd-1tb-prateado-mcx14bz-a
"MacBook Air Apple 13"" Chip M4, CPU 10 Núcleos, GPU 10 Núcleos, Neural Engine 16 Núcleos, 16GB, SSD 512GB, Azul-céu - MC6U4BZ/A",10999.0,https://images.kabum.com.br/produtos/fotos/726070/macbook-air-apple-13-chip-m4-cpu-10-nucleos-gpu-10-nucleos-neural-engine-16-nucleos-16gb-ssd-512gb-azul-ceu-mc6u4bz-a_1741789673_m.jpg,/produto/726070/macbook-air-apple-13-chip-m4-cpu-10-nucleos-gpu-10-nucleos-neural-engine-16-nucleos-16gb-ssd-512gb-azul-ceu-mc6u4bz-a
"MacBook Air Apple 15"" Chip M4, CPU 10 Núcleos, GPU 10 Núcleos, Neural Engine 16 Núcleos, 16GB RAM, SSD 512GB, Meia-noite - MW1M3BZ/A",12699.0,https://images.kabum.com.br/produtos/fotos/726065/macbook-air-apple-15-chip-m4-cpu-10-nucleos-gpu-10-nucleos-neural-engine-16-nucleos-16gb-ram-ssd-512gb-meia-noite-mw1m3bz-a_1741866753_m.jpg,/produto/726065/macbook-air-apple-15-chip-m4-cpu-10-nucleos-gpu-10-nucleos-neural-engine-16-nucleos-16gb-ram-ssd-512gb-meia-noite-mw1m3bz-a
"MacBook Pro Apple 14"", M4 Pro, CPU 14 Núcleos, GPU 20 Núcleos, Neural Engine de 16 Núcleos, 24GB RAM, SSD 1TB, Prateado - MX2F3BZ/A",20599.0,https://images.kabum.com.br/produtos/fotos/658783/macbook-pro-apple-14-m4-pro-cpu-14-nucleos-gpu-20-nucleos-24gb-ram-ssd-1tb-prateado-mx2f3bz-a_1730992199_m.jpg,/produto/658783/macbook-pro-apple-14-m4-pro-cpu-14-nucleos-gpu-20-nucleos-neural-engine-de-16-nucleos-24gb-ram-ssd-1tb-prateado-mx2f3bz-a
"MacBook Air Apple 15"" Chip M4, CPU 10 Núcleos, GPU 10 Núcleos, Neural Engine 16 Núcleos, 24GB, SSD 512GB, Prateado - MC6J4BZ/A",18629.87,https://images.kabum.com.br/produtos/fotos/726072/macbook-air-apple-15-chip-m4-cpu-10-nucleos-gpu-10-nucleos-neural-engine-16-nucleos-24gb-ssd-512gb-prateado-mc6j4bz-a_1741951066_m.jpg,/produto/726072/macbook-air-apple-15-chip-m4-cpu-10-nucleos-gpu-10-nucleos-neural-engine-16-nucleos-24gb-ssd-512gb-prateado-mc6j4bz-a
"MacBook Air Apple 13"" Chip M4, CPU 10 Núcleos, GPU 10 Núcleos, Neural Engine 16 Núcleos, 16GB RAM, SSD 512GB, Estelar - MW103BZ/A",10999.0,https://images.kabum.com.br/produtos/fotos/726057/macbook-air-apple-13-chip-m4-cpu-10-nucleos-gpu-10-nucleos-neural-engine-16-nucleos-16gb-ram-ssd-512gb-estelar-mw103bz-a_1741789276_m.jpg,/produto/726057/macbook-air-apple-13-chip-m4-cpu-10-nucleos-gpu-10-nucleos-neural-engine-16-nucleos-16gb-ram-ssd-512gb-estelar-mw103bz-a
"Mini PC Cpu Desktop Intel Core I5 3470, 1616GB RAM, SSD 480GB, Windows 11",1064.0,https://images.kabum.com.br/produtos/fotos/sync_mirakl/565299/Mini-PC-Cpu-Desktop-Intel-Core-I5-3470-1616GB-RAM-SSD-480GB-Windows-11_1723743059_m.jpg,/produto/565299/mini-pc-cpu-desktop-intel-core-i5-3470-1616gb-ram-ssd-480gb-windows-11
"MacBook Air Apple 15"" Chip M4, CPU 10 Núcleos, GPU 10 Núcleos, Neural Engine 16 Núcleos, 16GB, SSD 256GB, Azul-céu - MC7A4BZ/A",10999.9,https://images.kabum.com.br/produtos/fotos/726075/macbook-air-apple-15-chip-m4-cpu-10-nucleos-gpu-10-nucleos-neural-engine-16-nucleos-16gb-ssd-256gb-azul-ceu-mc7a4bz-a_1741864580_m.jpg,/produto/726075/macbook-air-apple-15-chip-m4-cpu-10-nucleos-gpu-10-nucleos-neural-engine-16-nucleos-16gb-ssd-256gb-azul-ceu-mc7a4bz-a
PC Gamer Cpu Intel I7 3.4ghz SSD 480GB Memoria Ram 16gb 500w,1489.6,https://images.kabum.com.br/produtos/fotos/sync_mirakl/566681/medium/PC-Gamer-Cpu-Intel-I7-3-4ghz-SSD-480GB-Memoria-Ram-16gb-500w_1740009041.png,/produto/566681/pc-gamer-cpu-intel-i7-3-4ghz-ssd-480gb-memoria-ram-16gb-500w
"MacBook Air Apple 13"" Chip M4, CPU 10 Núcleos, GPU 10 Núcleos, Neural Engine 16 Núcleos, 24GB RAM, SSD 512GB, Prateado - MC654BZ/A",12699.0,https://images.kabum.com.br/produtos/fotos/726066/macbook-air-apple-13-chip-m4-cpu-10-nucleos-gpu-10-nucleos-neural-engine-16-nucleos-24gb-ram-ssd-512gb-prateado-mc654bz-a_1741947321_m.jpg,/produto/726066/macbook-air-apple-13-chip-m4-cpu-10-nucleos-gpu-10-nucleos-neural-engine-16-nucleos-24gb-ram-ssd-512gb-prateado-mc654bz-a
"MacBook Air Apple 15"" Chip M4, CPU 10 Núcleos, GPU 10 Núcleos, Neural Engine 16 Núcleos, 16GB, SSD 512GB, Azul-céu - MC7C4BZ/A",12699.0,https://images.kabum.com.br/produtos/fotos/726076/macbook-air-apple-15-chip-m4-cpu-10-nucleos-gpu-10-nucleos-neural-engine-16-nucleos-16gb-ssd-512gb-azul-ceu-mc7c4bz-a_1741866904_m.jpg,/produto/726076/macbook-air-apple-15-chip-m4-cpu-10-nucleos-gpu-10-nucleos-neural-engine-16-nucleos-16gb-ssd-512gb-azul-ceu-mc7c4bz-a
"MacBook Air Apple 13"" Chip M4, CPU 10 Núcleos, GPU 10 Núcleos, Neural Engine 16 Núcleos, 16GB RAM, SSD 512GB, Meia-noite - MW133BZ/A",10999.0,https://images.kabum.com.br/produtos/fotos/726059/macbook-air-apple-13-chip-m4-cpu-10-nucleos-gpu-10-nucleos-neural-engine-16-nucleos-16gb-ram-ssd-512gb-meia-noite-mw133bz-a_1741789390_m.jpg,/produto/726059/macbook-air-apple-13-chip-m4-cpu-10-nucleos-gpu-10-nucleos-neural-engine-16-nucleos-16gb-ram-ssd-512gb-meia-noite-mw133bz-a
Cooler Cpu Para Soquetes 1151/ 1150/ 1155/ 1156 | Goldentec.,26.69,https://images.kabum.com.br/produtos/fotos/sync_mirakl/658315/medium/Cooler-Cpu-Para-Soquetes-1151-1150-1155-1156-Goldentec-_1739991647.jpg,/produto/658315/cooler-cpu-para-soquetes-1151-1150-1155-1156-goldentec-
"iMac Apple Tela Retina 24"" 4.5K, Chip M4, CPU 10 Núcleos, GPU 10 Núcleos, Neural Engine de 16 Núcleos, 16GB RAM, 256GB SSD, Prata - MWUU3BZ/A",13999.99,https://images.kabum.com.br/produtos/fotos/659222/imac-apple-tela-retina-24-4-5k-chip-m4-cpu-10-nucleos-gpu-10-nucleos-16gb-ram-256gb-ssd-prata-mwuu3bz-a_1732191934_m.jpg,/produto/659222/imac-apple-tela-retina-24-4-5k-chip-m4-cpu-10-nucleos-gpu-10-nucleos-neural-engine-de-16-nucleos-16gb-ram-256gb-ssd-prata-mwuu3bz-a
"MacBook Pro Apple 16"", M4 Max, CPU 14 Núcleos, GPU 32 Núcleos, Neural Engine de 16 Núcleos, 36GB RAM, SSD 1TB, Preto-espacial - MX303BZ/A",29999.99,https://images.kabum.com.br/produtos/fotos/658780/macbook-pro-apple-16-m4-cpu-14-nucleos-gpu-32-nucleos-36gb-ram-ssd-1tb-preto-espacial-mx303bz-a_1731330119_m.jpg,/produto/658780/macbook-pro-apple-16-m4-max-cpu-14-nucleos-gpu-32-nucleos-neural-engine-de-16-nucleos-36gb-ram-ssd-1tb-preto-espacial-mx303bz-a
PC Gamer Cpu Intel I7 3.4ghz SSD 480GB Memoria Ram 16gb 500w,1446.0,https://images.kabum.com.br/produtos/fotos/sync_mirakl/584658/PC-Gamer-Cpu-Intel-I7-3-4ghz-SSD-480GB-Memoria-Ram-16gb-500w_1715990592_m.jpg,/produto/584658/pc-gamer-cpu-intel-i7-3-4ghz-ssd-480gb-memoria-ram-16gb-500w
"MacBook Air Apple 15"" Chip M4, CPU 10 Núcleos, GPU 10 Núcleos, Neural Engine 16 Núcleos, 16GB RAM, SSD 256GB, Prateado - MW1G3BZ/A",10999.0,https://images.kabum.com.br/produtos/fotos/726060/macbook-air-apple-15-chip-m4-cpu-10-nucleos-gpu-10-nucleos-neural-engine-16-nucleos-16gb-ram-ssd-256gb-prateado-mw1g3bz-a_1741862583_m.jpg,/produto/726060/macbook-air-apple-15-chip-m4-cpu-10-nucleos-gpu-10-nucleos-neural-engine-16-nucleos-16gb-ram-ssd-256gb-prateado-mw1g3bz-a
"Mini PC Cpu Desktop Intel Core I7, 8GB RAM, SSD 480GB, Windows 11",1140.0,https://images.kabum.com.br/produtos/fotos/sync_mirakl/565296/Mini-PC-Cpu-Desktop-Intel-Core-I7-8GB-RAM-SSD-480GB-Windows-11_1729809014_m.jpg,/produto/565296/mini-pc-cpu-desktop-intel-core-i7-8gb-ram-ssd-480gb-windows-11
"Suporte Masticmol, Para CPU, Com Rodinhas, Ajustavel, Preto",35.06,https://images.kabum.com.br/produtos/fotos/sync_mirakl/292295/medium/Suporte-Masticmol-Para-CPU-Com-Rodinhas-Ajustavel-Preto_1746022878.jpg,/produto/292295/suporte-masticmol-para-cpu-com-rodinhas-ajustavel-preto
"Mini PC Cpu Desktop, Intel Core I5 4570, 16GB RAM, SSD 480GB, Windows 11",1187.5,https://images.kabum.com.br/produtos/fotos/sync_mirakl/551539/Mini-PC-Cpu-Desktop-Intel-Core-I5-4570-16GB-RAM-SSD-480GB-Windows-11_1728407293_m.jpg,/produto/551539/mini-pc-cpu-desktop-intel-core-i5-4570-16gb-ram-ssd-480gb-windows-11
"Mini PC Cpu Desktop Intel Core I7, 16GB RAM, SSD 480GB, Windows 11",1263.5,https://images.kabum.com.br/produtos/fotos/sync_mirakl/565294/Mini-PC-Cpu-Desktop-Intel-Core-I7-16GB-RAM-SSD-480GB-Windows-11_1730839220_m.jpg,/produto/565294/mini-pc-cpu-desktop-intel-core-i7-16gb-ram-ssd-480gb-windows-11
PC Gamer Cpu RGB Completo I7-6700 Ram 16gb Ddr4  Nvme 256gb,2007.35,https://images.kabum.com.br/produtos/fotos/sync_mirakl/633930/PC-Gamer-Cpu-RGB-Completo-I7-6700-Ram-16gb-Ddr4-Nvme-256gb_1729236487_m.jpg,/produto/633930/pc-gamer-cpu-rgb-completo-i7-6700-ram-16gb-ddr4-nvme-256gb
"Cooler Para Cpu Deepcool Ag620 ARGB, Dual Tower, Preto, 12cm",508.5,https://images.kabum.com.br/produtos/fotos/sync_mirakl/505684/medium/Cooler-Para-Cpu-Deepcool-Ag620-ARGB-Dual-Tower-Preto-12cm_1742303435.jpg,/produto/505684/cooler-para-cpu-deepcool-ag620-argb-dual-tower-preto-12cm
Mini PC Cpu I7 8700 8a Geração Ddr4 16gb SSD 1TB,2700.0,https://images.kabum.com.br/produtos/fotos/sync_mirakl/631001/Mini-PC-Cpu-I7-8700-8a-Gera-o-Ddr4-16gb-SSD-1TB_1731353030_m.jpg,/produto/631001/mini-pc-cpu-i7-8700-8a-geracao-ddr4-16gb-ssd-1tb
PC Gamer Cpu Completo I7-6700 Ddr4 32gb+ Nvme 512gb+ Vga 4gb,2519.1,https://images.kabum.com.br/produtos/fotos/sync_mirakl/653616/medium/PC-Gamer-Cpu-Completo-I7-6700-Ddr4-32gb-Nvme-512gb-Vga-4gb_1739928035.jpg,/produto/653616/pc-gamer-cpu-completo-i7-6700-ddr4-32gb-nvme-512gb-vga-4gb
"Macbook Pro Apple 14"", M4 Pro, Cpu 14 Núcleos, Gpu 20 Núcleos, Neural Engine De 16 Núcleos, 24gb Ram, SSD 1TB, Preto-espacial - Mx2j3bz/a",20699.1,https://images.kabum.com.br/produtos/fotos/sync_mirakl/695082/medium/Macbook-Pro-Apple-14-M4-Pro-Cpu-14-N-cleos-Gpu-20-N-cleos-Neural-Engine-De-16-N-cleos-24gb-Ram-SSD-1TB-Preto-espacial-Mx2j3bz-a_1742586029.jpg,/produto/695082/macbook-pro-apple-14-m4-pro-cpu-14-nucleos-gpu-20-nucleos-neural-engine-de-16-nucleos-24gb-ram-ssd-1tb-preto-espacial-mx2j3bz-a
Suporte Para Cpu E Estabilizador Com Rodinhas Netmobil - Branco,69.2,https://images.kabum.com.br/produtos/fotos/sync_mirakl/643484/Suporte-Para-Cpu-E-Estabilizador-Com-Rodinhas-Netmobil-Branco_1729861220_m.jpg,/produto/643484/suporte-para-cpu-e-estabilizador-com-rodinhas-netmobil-branco
"Computador Cpu Completo, Intel Core I5, 8gb, 500gb, Windows 10, Monitor 19"" Led Hdmi - Kit Best Pc",999.9,https://images.kabum.com.br/produtos/fotos/sync_mirakl/306850/Computador-Cpu-Completo-Intel-Core-I5-8gb-500gb-Windows-10-Monitor-19-Led-Hdmi-Kit-Best-Pc_1721848380_m.jpg,/produto/306850/computador-cpu-completo-intel-core-i5-8gb-500gb-windows-10-monitor-19-led-hdmi-kit-best-pc
PC Gamer Cpu Intel Core I7 16gb SSD 240GB Placa De Video 4gb,2178.0,https://images.kabum.com.br/produtos/fotos/sync_mirakl/583564/medium/PC-Gamer-Cpu-Intel-Core-I7-16gb-SSD-240GB-Placa-De-Video-4gb_1740009043.png,/produto/583564/pc-gamer-cpu-intel-core-i7-16gb-ssd-240gb-placa-de-video-4gb
Computador Cpu PC Gamer Infantil Feminino Completo Intel Core I5 Memoria Ram 16gb SSD 240GB Monitor Kit Gamer,1730.0,https://images.kabum.com.br/produtos/fotos/sync_mirakl/643458/Computador-Cpu-PC-Gamer-Infantil-Feminino-Completo-Intel-Core-I5-Memoria-Ram-16gb-SSD-240GB-Monitor-Kit-Gamer_1727903706_m.jpg,/produto/643458/computador-cpu-pc-gamer-infantil-feminino-completo-intel-core-i5-memoria-ram-16gb-ssd-240gb-monitor-kit-gamer
Computador Cpu PC Gamer I5 Ram 16gb Placa De Vídeo Gt 610 2gb SSD 240GB,1389.99,https://images.kabum.com.br/produtos/fotos/sync_mirakl/693581/Computador-Cpu-PC-Gamer-I5-Ram-16gb-Placa-De-V-deo-Gt-610-2gb-SSD-240GB_1735570235_m.jpg,/produto/693581/computador-cpu-pc-gamer-i5-ram-16gb-placa-de-video-gt-610-2gb-ssd-240gb
"MacBook Air Apple 15"" Chip M4, CPU 10 Núcleos, GPU 10 Núcleos, Neural Engine 16 Núcleos, 16GB RAM, SSD 512GB, Prateado - MW1H3BZ/A",12699.0,https://images.kabum.com.br/produtos/fotos/726061/macbook-air-apple-15-chip-m4-cpu-10-nucleos-gpu-10-nucleos-neural-engine-16-nucleos-16gb-ram-ssd-512gb-prateado-mw1h3bz-a_1741866370_m.jpg,/produto/726061/macbook-air-apple-15-chip-m4-cpu-10-nucleos-gpu-10-nucleos-neural-engine-16-nucleos-16gb-ram-ssd-512gb-prateado-mw1h3bz-a
"Mini PC Cpu Desktop Intel Core I7, 8GB RAM, SSD 240GB, Windows 11",1073.5,https://images.kabum.com.br/produtos/fotos/sync_mirakl/565293/Mini-PC-Cpu-Desktop-Intel-Core-I7-8GB-RAM-SSD-240GB-Windows-11_1723744974_m.jpg,/produto/565293/mini-pc-cpu-desktop-intel-core-i7-8gb-ram-ssd-240gb-windows-11
"iMac Apple Tela Retina 24"" 4.5K, Chip M4, CPU 10 Núcelos, GPU 10 Núcleos, Neural Engine de 16 Núcleos, 24GB RAM, SSD 512GB, Rosa - MD2U4BZ/A",17499.99,https://images.kabum.com.br/produtos/fotos/659216/imac-apple-tela-retina-24-4-5k-chip-m4-cpu-10-nucelos-gpu-10-nucleos-24gb-ram-512gb-ssd-rosa-md2u4bz-a_1734459906_m.jpg,/produto/659216/imac-apple-tela-retina-24-4-5k-chip-m4-cpu-10-nucelos-gpu-10-nucleos-neural-engine-de-16-nucleos-24gb-ram-ssd-512gb-rosa-md2u4bz-a
"iMac Apple Tela Retina 24"" 4.5K, Chip M4, CPU 8 Núcleos, GPU 8 Núcleos, Neural Engine de 16 núcleos, 16GB RAM, SSD 256GB, Verde - MWUE3BZ/A",11999.99,https://images.kabum.com.br/produtos/fotos/659219/imac-apple-tela-retina-24-4-5k-chip-m4-cpu-8-nucleos-gpu-8-nucleos-16gb-ram-256gb-ssd-verde-mwue3bz-a_1732023474_m.jpg,/produto/659219/imac-apple-tela-retina-24-4-5k-chip-m4-cpu-8-nucleos-gpu-8-nucleos-neural-engine-de-16-nucleos-16gb-ram-ssd-256gb-verde-mwue3bz-a
"iMac Apple Tela Retina 24"" 4.5K, Chip M4, CPU 10 Núcelos, GPU 10 Núcleos, Neural Engine de 16 Núcleos, 24GB RAM, 512GB SSD, Verde - MD2Q4BZ/A",17599.99,https://images.kabum.com.br/produtos/fotos/659214/imac-apple-tela-retina-24-4-5k-chip-m4-cpu-10-nucelos-gpu-10-nucleos-24gb-ram-512gb-ssd-verde-md2q4bz-a_1732199591_m.jpg,/produto/659214/imac-apple-tela-retina-24-4-5k-chip-m4-cpu-10-nucelos-gpu-10-nucleos-neural-engine-de-16-nucleos-24gb-ram-512gb-ssd-verde-md2q4bz-a
"Computador Cpu Intel Core I5, 8GB RAM, SSD 480GB, Windows 10",677.9,https://images.kabum.com.br/produtos/fotos/sync_mirakl/345331/Computador-Cpu-Intel-Core-I5-8GB-RAM-SSD-480GB-Windows-10_1706534297_m.jpg,/produto/345331/computador-cpu-intel-core-i5-8gb-ram-ssd-480gb-windows-10
Computador Cpu PC Gamer Intel Core I5 3.6ghz Memoria Ram 16gb SSD 240GB,1049.99,https://images.kabum.com.br/produtos/fotos/sync_mirakl/624369/medium/Computador-Cpu-PC-Gamer-Intel-Core-I5-3-6ghz-Memoria-Ram-16gb-SSD-240GB_1746715277.jpg,/produto/624369/computador-cpu-pc-gamer-intel-core-i5-3-6ghz-memoria-ram-16gb-ssd-240gb
PC Desktop Cpu Intel i5 4ª Ger 16gb Ddr3 480GB WINDOWS 11,1163.51,https://images.kabum.com.br/produtos/fotos/sync_mirakl/776303/medium/PC-Desktop-Cpu-Intel-i5-4-Ger-16gb-Ddr3-480GB-WINDOWS-11_1744815636.png,/produto/776303/pc-desktop-cpu-intel-i5-4-ger-16gb-ddr3-480gb-windows-11
Computador PC Cpu Intel I5 8GB Memoria Ram SSD 480GB Wifi Bivolt,755.91,https://images.kabum.com.br/produtos/fotos/sync_mirakl/583589/Computador-PC-Cpu-Intel-I5-8GB-Memoria-Ram-SSD-480GB-Wifi-Bivolt_1715965176_m.jpg,/produto/583589/computador-pc-cpu-intel-i5-8gb-memoria-ram-ssd-480gb-wifi-bivolt
Computador Cpu Intel Core I5 16gb Ddr3 SSD 480GB Wifi Fonte 230w Bivolt WINDOWS,854.91,https://images.kabum.com.br/produtos/fotos/sync_mirakl/659483/Computador-Cpu-Intel-Core-I5-16gb-Ddr3-SSD-480GB-Wifi-Fonte-230w-Bivolt-WINDOWS_1734724646_m.jpg,/produto/659483/computador-cpu-intel-core-i5-16gb-ddr3-ssd-480gb-wifi-fonte-230w-bivolt-windows
PC Computador Cpu Intel Core I5 16gb SSD 480GB WINDOWS 10 Pro Wifi,1021.9,https://images.kabum.com.br/produtos/fotos/sync_mirakl/597222/PC-Computador-Cpu-Intel-Core-I5-16gb-SSD-480GB-WINDOWS-10-Pro-Wifi_1718996756_m.jpg,/produto/597222/pc-computador-cpu-intel-core-i5-16gb-ssd-480gb-windows-10-pro-wifi
Computador PC Cpu Intel I5 8GB Memoria Ram SSD 120GB Wifi Bivolt,593.91,https://images.kabum.com.br/produtos/fotos/sync_mirakl/583586/Computador-PC-Cpu-Intel-I5-8GB-Memoria-Ram-SSD-120GB-Wifi-Bivolt_1715984924_m.jpg,/produto/583586/computador-pc-cpu-intel-i5-8gb-memoria-ram-ssd-120gb-wifi-bivolt
"Cooler Para Cpu Deepcool Ak500, Zero Dark, Preto, 120mm",560.9,https://images.kabum.com.br/produtos/fotos/sync_mirakl/505693/medium/Cooler-Para-Cpu-Deepcool-Ak500-Zero-Dark-Preto-120mm_1747148386.jpg,/produto/505693/cooler-para-cpu-deepcool-ak500-zero-dark-preto-120mm
"Watercooler Cpu ,JonsboRadiador,Branco,Argb - Tw4-240shadow - AMD & Intel",843.6,https://images.kabum.com.br/produtos/fotos/sync_mirakl/464925/Watercooler-Cpu-JonsboRadiador-Branco-Argb-Tw4-240shadow-AMD-Intel_1684871297_m.jpg,/produto/464925/watercooler-cpu-jonsboradiador-branco-argb-tw4-240shadow-amd-intel
"MacBook Pro Apple 16"", M4 Max, CPU 16 Núcleos, GPU 40 Núcleos, Neural Engine de 16 Núcleos, 48GB RAM, SSD 1TB, Preto-espacial - MX313BZ/A",34999.99,https://images.kabum.com.br/produtos/fotos/658781/macbook-pro-apple-16-m4-cpu-16-nucleos-gpu-40-nucleos-48gb-ram-ssd-1tb-preto-espacial-mx313bz-a_1731329183_m.jpg,/produto/658781/macbook-pro-apple-16-m4-max-cpu-16-nucleos-gpu-40-nucleos-neural-engine-de-16-nucleos-48gb-ram-ssd-1tb-preto-espacial-mx313bz-a
"iMac Apple Tela Retina 24"" 4.5K, Chip M4, CPU 8 Núcleos, GPU 8 Núcleos, Neural Engine de 16 núcleos, 16GB RAM, SSD 256GB, Azul - MWUF3BZ/A",11999.99,https://images.kabum.com.br/produtos/fotos/659220/imac-apple-tela-retina-24-4-5k-chip-m4-cpu-8-nucleos-gpu-8-nucleos-16gb-ram-256gb-ssd-azul-mwuf3bz-a_1732020819_m.jpg,/produto/659220/imac-apple-tela-retina-24-4-5k-chip-m4-cpu-8-nucleos-gpu-8-nucleos-neural-engine-de-16-nucleos-16gb-ram-ssd-256gb-azul-mwuf3bz-a
"MacBook Pro Apple 16"", M4 Pro, CPU 14 Núcleos, GPU 20 Núcleos, Neural Engine de 16 Núcleos, 48GB RAM, SSD 512GB, Preto-espacial - MX2Y3BZ/A",25299.0,https://images.kabum.com.br/produtos/fotos/658779/macbook-pro-apple-16-m4-cpu-14-nucleos-gpu-20-nucleos-48gb-ram-ssd-512gb-preto-espacial-mx2y3bz-a_1731341007_m.jpg,/produto/658779/macbook-pro-apple-16-m4-pro-cpu-14-nucleos-gpu-20-nucleos-neural-engine-de-16-nucleos-48gb-ram-ssd-512gb-preto-espacial-mx2y3bz-a
"Computador CPU, Intel Core I7, 3.4Ghz 8GB, 1TB",1099.0,https://images.kabum.com.br/produtos/fotos/sync_mirakl/428720/Computador-CPU-Intel-Core-I7-3-4Ghz-8GB-1TB_1676482803_m.jpg,/produto/428720/computador-cpu-intel-core-i7-3-4ghz-8gb-1tb
